{
  "project_info": {
    "project_number": "190894923115",
    "firebase_url": "https://pentox-dd0af.firebaseio.com",
    "project_id": "pentox-dd0af",
    "storage_bucket": "pentox-dd0af.appspot.com"
  },
  "client": [
    {
      "client_info": {
        "mobilesdk_app_id": "1:190894923115:android:e7d48f2277f8ae6615002e",
        "android_client_info": {
          "package_name": "com.example.PentOX"
        }
      },
      "oauth_client": [
        {
          "client_id": "190894923115-k2ru2uo025qc8rpbcnmv09mqfe8gn67j.apps.googleusercontent.com",
          "client_type": 3
        }
      ],
      "api_key": [
        {
          "current_key": "AIzaSyC6gXA4Z3UbElSysBkevN42BWEuYMRlzmc"
        }
      ],
      "services": {
        "appinvite_service": {
          "other_platform_oauth_client": [
            {
              "client_id": "190894923115-k2ru2uo025qc8rpbcnmv09mqfe8gn67j.apps.googleusercontent.com",
              "client_type": 3
            }
          ]
        }
      }
    }
  ],
  "configuration_version": "1"
}