{
  "project_info": {
    "project_number": "210570826680",
    "firebase_url": "https://rapidroll-2e825.firebaseio.com",
    "project_id": "rapidroll-2e825",
    "storage_bucket": "rapidroll-2e825.appspot.com"
  },
  "client": [
    {
      "client_info": {
        "mobilesdk_app_id": "1:210570826680:android:292e8ff0c103692f5bb54d",
        "android_client_info": {
          "package_name": "com.example.game"
        }
      },
      "oauth_client": [
        {
          "client_id": "210570826680-vff993scgmpvb6j8ptudj6ma94gffh5n.apps.googleusercontent.com",
          "client_type": 3
        }
      ],
      "api_key": [
        {
          "current_key": "AIzaSyB9llMxLsjqJqyVkUC8YpI89436y-AeAwE"
        }
      ],
      "services": {
        "appinvite_service": {
          "other_platform_oauth_client": [
            {
              "client_id": "210570826680-vff993scgmpvb6j8ptudj6ma94gffh5n.apps.googleusercontent.com",
              "client_type": 3
            }
          ]
        }
      }
    }
  ],
  "configuration_version": "1"
}